person,Joffrey Baratheon
person,Benjen Stark
other,Red Fork
other,Leaf
other,Winter
place,
other,Rat Cook
other,Black Cliffs
place,Essos
other,Stark Valyrian
other,Denys Mallister
other,Lannisters
other,Caleotte
other,Braavosi Water Dancer
other,Bloody Hand
person,Aerys Targaryen
other,Lollys Stokeworth
other,Sansa Robb
person,Kevan Lannister
other,Jon Sn
other,Watch
other,Salladhor Saan
other,Aware
other,Kingsroad
other,Free Folk
other,Red Wedding
person,Tyrion
person,Margaery
person,Selyse Baratheon
house,Greyjoy
place,Petyr
other,Westerlands
other,Anguy
other,Widow Wail
other,Eyrie
other,Wolkan
other,Beric
person,Jaime
other,Temple
other,Balon King
place,Flea Bottom
other,Brother Lancel
other,Second Sons
other,Poppy
other,Godswood
other,Blackwater Bay
other,Dosh
other,Baelish
other,Fennez
other,Lhazareen
other,Loraq
place,Hardhome
place,Melisandre
other,Sack
other,Afterward
other,Thoughtful
other,Tullys
other,Sands
other,Yezzan
person,Renly Baratheon
other,Battle of Castle Black
other,Cerwyns
other,Red Priestess
other,Dany Dothraki
other,Orson
other,Baelor
house,House Reed
place,Planky Town
other,Crown
other,Mud Gate
place,Blackwater
other,Master of Coin
other,Rast
person,Robin Arryn
other,Drogon
other,Distraught
other,East
other,Rides
person,Robb
other,High Priestess
person,Tyrion Lannister
other,Arbor
other,Bert
other,Dragon Queen
person,Samwell Tarly
other,Old Valyria
other,Sack of Astapor
other,Grenn
other,Titan Bastard
person,Torrhen
other,Inn
house,House Stark
other,Terrified
other,Hearth
other,Hollow Hill
other,Reek
other,Umber
other,Harpy Son
other,Jhiqui
other,Belicho Paenymion
other,Valahd
other,Gift
other,Light
other,Magister Illyrio Mopatis of Pentos
other,Battle
place,Arthur
other,Wun Wun
other,Maggy
other,Glover
other,Rains of Castamere
place,on
other,Targaryens
other,Stone Men
other,Enraged
other,Great Hall
person,Sansa
other,Malko
other,Queen
other,Dead
other,Areo Hotah
person,Cersei Lannister
other,Farther
other,Battle of Stone Mill
other,Syrio Forel
other,Dismissive
other,Ilyn
person,Viserys Targaryen
other,Mountain
other,Hall of Faces
other,Halfhand
other,Brothers
other,Dontos Hollard
house,House Reyne of Castamere
person,Robert
other,Siege of Old Wyk
other,Qhorin Halfhand
other,Long Bridge
other,Book
other,Unella
other,Janos Slynt
other,Vardis
place,Luwin
other,Akho
other,Whispering Wood
other,Armeca
house,House Arryn
other,Anara
place,Grand Pycelle
person,Sandor Clegane
person,Roslin
other,Karl Tanner
other,Daenerys Unsullied
other,Rakharo
other,Eyrie High
house,Houses
other,Warden
person,Lysa
other,Cities
person,Willem
other,Lanna
other,Tysha
other,Pits
house,House Martell
other,Dontos
other,Queensguard
other,Piggy
other,Talisa
other,River Trident
other,Night Watch
other,Queensgard
person,Sansa Stark
place,Pentos
person,Bran
other,Daario Naharis
person,Rhaegar
other,Mad King
other,Locke
other,Gods
other,Army
other,Gared
place,Valyria
other,Pyke
other,AND Wylis
place,Mero
other,Northeners
house,Tarth
other,Children
other,Wolf Bread
person,Stannis
other,Qarth
other,Shadow Lands
other,Regent
place,Harrenhal
other,Liberation
other,Starks
other,Essence of Nightshade
other,Lord
person,Aegon
other,Dayne
other,Runestone
other,Crownlands
other,Lords
other,Paramount
other,Orell
place,Pyp
other,Blackmont
other,Nightfort
place,Mycah
place,Dragonstone
person,Rickon Stark
other,Kovarro
person,Rhaegar Targaryen
other,Mighty
other,Shadow
other,Ghost
other,Sumai
other,Pycelle
other,Tobho Mott
other,Ironborn
other,Master of Laws
place,Dothraki
other,Garden of Bones
other,Kingdoms
other,Daisy
other,Furious
other,Kingsguard
other,Banners
other,Matthos Seaworth
place,Missandei
person,Myrcella
house,Arryn
other,Dagmer Cleftjaw
place,Drogo
other,Old Ghiscari
other,Aunt Lyanna
place,Yohn
other,Great Sept
other,Alayne
person,Lancel Lannister
person,Alton Lannister
other,Walkers
other,One
other,Guard
other,Axell Florent
other,Throne Room
other,Mandon
other,Unafraid
other,Beyond
other,Jory Cassel
person,Aemon
other,Doreah
other,Iron Fleet
other,Targaryen Conquest
other,Prologue
other,Slaver
other,Ternesio Terys
other,Onion Knight
place,Yoren
other,Rhaenys
other,White
other,Red Comet
other,Bird
other,Prendahl
other,Braavosi
other,Dragonglass
other,Melara Hetherspoon
other,Northerners
other,Gerold Hightower
person,Aeron Greyjoy
other,Stallion
other,Waif
place,Landing
other,Hall
other,Conquer
other,Valar Morghulis
other,Rhaego
other,Castle Stokeworth
place,Qhorin
other,Convinced
other,Mossador
other,Throne
other,Water Gardens of Dorne
other,Sister
other,Weirwood
other,Royal
other,Wisdom Hallyne
other,Long Farewell
other,Brother
place,Varys
other,Water Dancing
other,Greyguard
other,Sissy
other,Lhara
person,Lothar Frey
other,Mother
other,Lorren
other,Tower
person,Robin
other,Jory
other,Great Pit of Daznak
person,Elia Martell
other,Summer
person,Selyse
place,Sam
other,Torrhen Square
other,Ran
person,Eddard
person,Shireen Baratheon
person,Ramsay Bolton
person,Walder
place,Olly
other,Conquest of Westeros
person,Robb Stark
other,Long Night
other,Council
house,Mormont
other,Viper
other,Curious
other,Fennesz
house,House Bolton
other,Yarwyck
other,Mikken
other,Siege of Pyke
other,A
other,Faith Militant
other,Rorge
person,Meera Reed
other,Black Cells
place,Savo
other,Moro
other,Crying
other,Lannister Camp
other,Black Walder
other,Melisandre God
other,Free City of Qohor
other,Common Tongue
house,House Mormont
other,Undeterred
other,Quickly Tyrion
person,Balon Greyjoy
place,Kraznys
person,Bran Stark
other,Moon Door
person,Sweetrobin Arryn
other,Shireen Greyscale
person,Jon
other,Old Nan
other,Town
other,Dondarrion
other,Builder
other,Yohn Royce
other,Old Tongue
other,Thin
place,Valyrian
place,Sunspear
other,Doom of Valyria
other,Egg
other,Steelshanks
other,En
other,Missandei Daenerys
other,Ralf Kenning
person,Nymeria Sand
person,Cersei
other,Water Gardens
other,That Was
other,Stark of Winterfell
person,Rickard Stark
other,Unsullied
place,Rhaegal
other,Folk
other,Mance Rayder
other,Mormonts
other,Zalla
other,Syrio
other,Hugh
house,Stark
other,Gilly
other,Imp
other,Karsi
place,Black
other,High Red Priestess
other,Stiv
other,Red Priest
other,Karstarks
other,Master of Ships
house,House Frey
place,Westeros
person,Arya
other,North
place,Vala
person,Jorah
person,Tywin Lannister
other,Vale
other,Drowned God
place,Pod
person,Walder Frey
other,Selmy
other,Janos
other,Vale of Arryn
other,Sack of Winterfell
other,Red Keep
place,Davos
person,Jeor Mormont
other,Neck
other,Milk
person,Ned Stark
other,Willas Bracken
other,Aggo
person,Oberyn Martell
other,Dothraki Sea
person,Roose Bolton
other,Dornishman Wife
person,Jojen
other,Shireen of House Baratheon
other,Sept
other,Crasters Keep
person,Lysa Tully
other,Seven
house,Tyrell
other,Edd
person,Karlon Stark
other,Lommy
other,Riverlords
other,High Septon
other,Drunk
place,Casterly Rock
other,Oldtown
place,Will
person,Euron Greyjoy
house,Baratheon
person,Obara Sand
other,Trystane Martell Jaime
other,Eastern Road
other,God
other,Pypar
other,Father
place,Meereen
other,Master of War
other,Stormlands
other,Crag
other,Tormund
place,Oxcross
person,Walda Bolton
other,Amory Lorch
place,Vaes Dothrak
other,Baratheons
other,NORTH
other,Loboda
person,Alton
other,Old Gods
other,Amory
house,Clegane
other,Septon
other,Lands of Always Winter
other,Mhaegen
person,Eddard Stark
person,Joffrey
other,Painted Table
other,First Men
other,Ask
other,First Ranger
person,Arya Stark
other,Lollys
other,Bank
other,Joyeuse
place,Riverrun
other,Stony Shore
other,Wise
other,Night King
place,Gendry
other,Harpy
other,Eddison
other,Mag Mar Tun Doh Weg
other,Priest
other,Whent of Harrenhal
other,Slaver Bay
other,Brusco
other,Gold Dragons
other,Wyl
other,Lords Walder Frey
other,Black Rat
other,Unburnt
person,Benjen
person,Doran
other,Capital
person,Aeron
other,Crow
other,Hallyne
other,Crown Rhaegar Targaryen
other,Longclaw
person,Torrhen Karstark
other,Dagmer
other,Kingsmoot
other,Thirteen
other,Ghiscari
other,Lysene
person,Tommen Baratheon
person,Randyll Tarly
other,Long Bridge of Volantis
person,Tyene Sand
person,Jon Arryn
other,Battle of Winterfell
other,High Hall
other,Smalljon
other,Illyrio Mopatis
other,Barra
other,Iggo
other,Hill
place,Master Mighdal
other,White Rat
other,Wildlings
place,Dorne
house,Karstark
other,Kingdom
other,Rivermen
other,Captain
other,Wildling
house,Bolton
person,Loras
person,Shireen
other,Tycho
other,Bianca
other,Waymar
other,Wight
other,Davos Seaworth
other,Cryptically
other,Tickler
house,Reed
other,White Sword Tower
other,Strong
other,New
other,Against Cersei
person,Yara
other,Masters
person,Selwyn
other,North Edit
other,Crossroads Inn
other,Myranda
other,Asshai
other,Good Masters
other,Marillion
other,Protector
other,Keep
other,Grey Wind
person,Olyvar Frey
other,Sand Snakes
person,Lyanna
person,Lothar
other,White Walkers
other,Greyjoys
other,Podrick Payne
person,Brynden Tully
other,Septa Mordane
person,Tywin
place,Small Council
person,Mace Tyrell
other,Daenarys
other,Dragons
other,Great Ranging
person,Daenerys Targaryen
other,Xaro Xhoan Daxos
other,Rhaenyra
other,Missandei of Naath
person,Myrcella Baratheon
place,Littlefinger
other,Volantene
house,House Lannister
other,Iron Throne
person,Oberyn
other,Gods Laws
other,Areo
other,First Builder
other,Stormcrows
place,Lhazar
other,Iron Bank of Braavos
other,Angered
other,Mutiny
person,Brynden
place,Karhold
other,Wolfswood
other,Dreadfort
other,Shaggydog
person,Obara
other,Corbray
place,Low Valyrian
other,Duur
other,City Watch
other,Northern Lords
other,Thoros of Myr
other,Sons
other,Umbers
other,Irri
person,Howland Reed
person,Trystane
person,Jaime Lannister
other,Nights Watch
person,Aemon Targaryen
place,King
other,Bewildered
other,Slynt
other,Dany
other,Knot
person,Catelyn Stark
place,Bronn
other,Titan of Braavos
other,Uncle Benjen
other,Mummer Ford
other,Black Walder Rivers
place,Winterfell
other,First Builder Othell Yarwyck
other,Fork of Trident River
other,Annoyed
other,Hizdahr
other,Royal Fleet
other,Shadow Tower
other,Dance
person,Ramsay Snow
other,Blessed
other,Ghezn
other,Great Sept of Baelor
other,Arry
other,Woods
person,Rickard Karstark
other,Fist
other,Night Watchman
other,Hot Pie
other,Boltons
place,Qyburn
other,Famished
person,Jon Snow
other,World
other,Free City of Braavos
other,Deeply
other,Water Dancer
other,Oathkeeper
house,Snow
other,Ice Cells
other,Greatjon
place,Rodrik
other,Mole Town
other,Wise Masters of Yunkai
other,Forest
person,Euron
other,Pentoshi
other,War
other,Tycho Nestoris
other,Mord
house,House Baratheon of Dragonstone
other,Conclave
other,Lommy Greenhands
other,Ros
other,Brienne
other,Red Priestess Melisandre
other,Tower of Joy
other,Green Fork
other,Graces
person,Mace
other,Osha
person,Meera
person,Lysa Arryn
other,Kinvara
other,Warlocks of Qarth
other,Arthur Dayne
other,Tears of Lys
other,Flowers
other,Spice King
other,Dolorous Edd
place,Yunkai
other,Guild
other,Mazins
person,Randyll
other,Westoros
other,Matthos
other,Glovers
other,Thorne
other,Dragon
person,Tyene
other,Kingslayer
other,Seven Kingdoms
other,Night
other,Iron Islands
other,Conqueror
person,Selwyn Tarth
other,Trant
place,Biter
other,Barristan Selmy
other,Robert Baratheon Kingsguard
other,Viserion
other,Old
person,Elia
other,Tired
person,Lyanna Stark
person,Lyanna Mormont
other,Talisa of Volantis
other,Skirling Pass
person,Edmure Tully
other,Outside
other,Sparrows
other,Commander
person,Ellaria Sand
other,Beric Dondarrion
other,Hodor
other,Wise Masters
other,Drogo ºs
other,Cressen
other,White Walker
other,Waynwood
other,Old Bear
other,City
place,Ygritte
place,Moat Cailin
house,House Martell of Dorne
person,Renly
other,Pree
place,High Valyrian
person,Gregor
other,Fingers
other,Satisfied
other,Sapphire Isle
house,House of Black
other,Sword
place,Illyrio
other,Greyscale
other,Greatjon Umber
other,Polliver
other,Podrick
person,Kevan
person,Samwell
other,Qaggaz
other,Podrick Payne of Stannis
other,Bear
other,Columns
other,Northern
other,Brotherhood
other,Broken Tower
other,Pyat Pree
person,Rickon
other,Brotherhood Without Banners
other,Faith
other,Dornish
other,Rayder
other,Meereenese
other,Riverlands
other,Craster Keep
other,Great Pyramid
other,Crossroads
person,Hoster Tully
other,Rodrik Cassel
other,Night Lands
other,Iron
person,Edmure
other,Dracarys
other,Battle of Oxcross
person,Nymeria
other,Anya Waynwood
person,Martyn
other,Eraz
other,Mandon Moore
other,Son
house,Lannister
other,Meryn Trant
place,Lordsport
other,Salt Throne
other,Sow
other,Battle of Ashford
other,Bowen Marsh
place,Karl
other,Petyr Baelish
person,Balon
person,Robert Baratheon
other,Undying
other,Order of Maesters
place,Highgarden
person,Willem Lannister
other,Heward
other,Mad Aerys Targaryen
other,Summer Isles
other,Waymar Royce
person,Jojen Reed
other,Citadel
person,Gregor Clegane
other,Shagga
other,Faceless Man
other,Othor
other,Five Kings
other,Trident
place,Xaro
other,Vardis Egen
other,Hobb
other,First Sword of Braavos
other,Hands
other,Free City of Pentos
other,Crane
other,Narrow Sea
person,Ramsay
place,Craster
house,Houses Jon
person,Lancel
other,Oh
other,Camp
house,House Tarth
other,Morning
other,Alliser
other,Freys
person,Doran Martell
other,Tall
other,Hotah
other,Heart
person,Margaery Tyrell
other,Reeds
place,Lys
place,Jaqen
other,Lady
place,Myr
other,Ornela
other,Great Pit
person,Catelyn
other,Sight
other,Quaithe
other,Bones
other,Kingswood
other,Aegon V
other,Pit
other,Prince
other,Targaryen Kingsguard
person,Jorah Mormont
other,Sick
other,Cripples
other,Chosen
other,Forlorn
person,Ned
other,Grey Worm
other,Brandon
other,Daario
other,Daznak Pit
other,Genna
place,Castle Black
house,House Tyrell
other,Marei
other,Mance
other,Greensight
house,Tully
person,Olenna
other,Was
other,Men
person,Jeor
place,Braavos
person,Rickard
other,Kayla
other,Ilyn Payne
other,Master of Whisperers
other,Discouraged
person,Aegon Targaryen
other,Mother of Dragons
other,Royce
other,Othell Yarwyck
other,Boy
other,Qotho
other,Jaime Dornish
other,Stranger
other,Townshall
other,Wylla
place,Alliser Thorne
other,Boros Blount
other,Bear Island
other,Priestess
other,Cleon
other,Tyrells
other,Hound
other,Calla
other,Raven
other,Septa Unella
person,Stannis Baratheon
other,First
other,Meryn Trant Meryn Trant
person,Hoster
other,Norvosi
other,Aemon Sam
other,Slavers Bay
person,Yara Greyjoy
other,Maegor Holdfast
person,Olenna Tyrell
person,Sandor
other,Maiden Fair
other,Pit Fighter
other,Haunted Forest
house,Targaryen
other,Horrified
house,Frey
other,Wildfire
other,Brienne of Tarth
place,Meryn
other,Eddison Tollett
other,Great Houses
other,Lannister Monster
other,Daenerys Stormborn of House Targaryen
other,Red Waste
other,Mago
other,Doran Martell of Dorne
other,Fine
other,Storm
other,Shae
other,Qyburn Grand Maester
other,Master of Coin Mace Tyrell
person,Aerys
other,Jafer Flowers
other,Lorch
person,Ellaria
other,Trident River
other,Bowen
other,Vance Corbray
other,Jamie
other,Hand
other,Faceless Men
other,Blackfish
other,South
person,Loras Tyrell
person,Roslin Frey
person,Roose
place,Stone Mill
other,Quaithe of Asshai
other,Xhoan Daxos
other,Iron Bank
other,Star
person,Walda
place,Astapor
other,Sworn Brothers
other,High Sparrow
other,Mirri Maz Duur
other,Chamber
other,Jon Umber
other,Bloody Gate
other,Walker
other,Castle
other,Selwyn of Tarth
other,Tourney
other,Baelish At Winterfell
other,Walk of Punishment
other,Wall
house,House
other,Melara
other,Sparrow
other,Great Masters
other,Salladhor
other,Joanna
other,Silent Sisters
place,Razdal
house,House Targaryen
other,Greyjoy Rebellion
other,Book of Brothers
other,Realm
other,Bastard Girls
other,Gerold
other,Free City of Volantis
other,Little Sam
other,Ice
other,Talisa Maegyr
other,Twins
other,Wylis
other,Nym
person,Daenerys
other,Wise Master Razdal
other,Westerosi
other,Mighdal
other,Bannen
other,High
place,Volantis
place,White Harbor
other,Vhagar
house,House Greyjoy
other,Needle
other,Reach
person,Martyn Lannister
other,Berserk
other,Martells
other,Naath
other,Inside Bran
other,Mad
other,Mag
other,Sisters
other,Thoros
other,Smoking Sea
other,Red Temple of Volantis
other,Barristan
other,Great
other,Meereenese Great Masters
other,Tormund Giantsbane
other,Frostfangs
other,Savior
other,Nakloz
other,North Robb Stark
person,Olyvar
person,Viserys
other,Gardens
house,Martell
other,Maester
other,Free Cities
other,Robert Rebellion
other,Thin Man
person,Tommen
other,Common Tongue of Westeros
place,Styr
person,Trystane Martell
other,Mott
other,Waif In Braavos
other,Deepwood Motte
