AND Wylis,Wyl,Wylis
Acting Hand
Aegon Targaryen,Aegon
Aegon V
Aemon Sam,Sam about Aemon
Aemon Targaryen,Aemon
Aeron Greyjoy,Aeron
Aerys Targaryen,A,Mad Aerys Targaryen,Targaryen,Aerys
Afterward
Against Cersei
Aggo
Ahko
Akho
Alayne
Alliser Thorne,Alliser,Thorne
Alton Lannister,Alton
Amory Lorch,Amory,Amory Lorch with Gregor Clegane
Anara
Angered
Angered that Locke
Anguy
Annoyed
Anya Waynwood
Arbor
Areo Hotah,Areo,Hotah,Water Gardens by Areo Hotah
Armeca
Army
Arthur Dayne,Arthur,Dayne
Arya Stark,Arya
Arya Stark at Harrenhal
Arya as Jaqen
Arya/Lanna
Ask
Aunt Lyanna,Lyanna
Aware
Axell Florent
Baelish At Winterfell
Baelish’s
Baelor
Balon Greyjoy
Balon King,King,Balon
Bannen
Baratheons
Barra
Barristan Selmy,Barristan,Selmy
Bastard 's Girls
Battle Ashford
Battle Oxcross,Battle,Oxcross
Battle Winterfell,Winterfell,Winter
Bear Island
Belicho Paenymion
Benjen Stark,Benjen,Star,Stark
Beric Dondarrion,Dondarrion,Beric
Berserk
Bert
Bewildered
Beyond
Bianca
Bird
Biter
Black Cells
Black Cliffs
Black Rat
Black Walder,Black Walder Rivers
Blackfish
Blackmont
Blackwater Bay,Blackwater
Blessed
Bloody Gate
Bloody Hand,Hand
Bolton's
Boltons
Boltons’
Book Brothers,Book,Brothers
Boros Blount
Bowen Marsh,Bowen
Boy
Braavosi
Braavosi-style
Bran Stark,Bran
Bran near Winterfell
Brandon
Brienne Tarth,Brienne,Tarth
Broken Tower
Bronn
Bronn as Commander
Brother Lancel,Lancel,Brother
Brotherhood
Brotherhood Without Banners
Brotherhood without Banners
Brusco
Brynden Tully,Brynden
Caleotte
Calla
Capital
Captain
Casterly Rock,Casterly Rock while Joffrey
Castle Black,Battle Castle Black,Castle Black at Stannis,Castle,Gilly for Castle Black,Mutiny at Castle Black
Catelyn Stark,Catelyn,Cat
Cersei Lannister,Cersei
Cersei’s
Cerwyn
Cerwyns
Chamber
Children
Citadel
City Watch,City,City Watch kill Eddard
Cleon
Columns
Commander
Common Tongue,Common Tongue Westeros
Conclave
Conquer
Conqueror
Conquest Westeros,Westeros
Convinced
Council –,Council
Crag
Crane
Crane’s
Craster 's Keep
Crasters Keep,Craster
Cressen
Cripples
Crossroads Inn,Inn,Crossroads
Crow
Crown
Crownlands
Crownlands at Castle Stokeworth
Crown’s
Crying
Cryptically
Curious
Daario Naharis,Daario,Naharis
Daenarys
Daenerys 's Unsullied
Daenerys Stormborn,Daenerys Stormborn House Targaryen,Storm
Daenerys Targaryen,Eddard that Daenerys Targaryen
Daenerys for Varys
Daenerys through Sumai
Dagmer Cleftjaw,Dagmer
Daisy
Dany
Dany 's Dothraki
Davos Seaworth,Davos
Daznak 's Pit
Dead
Deeply
Deepwood Motte
Denys Mallister
Discouraged
Dismissive
Distraught
Dolorous Edd
Donnel Waynwood,Waynwood
Dontos Hollard,Dontos
Doom Valyria
Doran Martell,Doran Martell Dorne,Doran
Doreah
Doreah into Daenerys
Dorne
Dorne over Cersei
Dornish
Dornishman 's Wife
Dosh Khaleen,Dosh
Dothraki Sea,Dothraki
Dracarys
Dragon Queen,Queen,Dragon
Dragonglass
Dragonstone Isle,Dragonstone
Dragonstone with Gendry
Dreadfort
Drogo's
Drogon
Drowned God
Drunk
Duncan
Duur
Eastern Road,East
Eastwatch-by-the-Sea
Eddard Stark,Eddard,Lannisters since Eddard Stark,Edd
Eddard Stark as Protector
Eddard about Wylla
Eddard that Robert
Eddard that Sansa
Eddison Tollett,Eddison
Edmure Tully,Edmure
Egg
Elia Martell,Elia
Elia by Tywin
Ellaria Sand,Dorne as Ellaria Sand,Ellaria
Elliaria
En
Enraged
Eraz
Essence Nightshade
Essos
Estermont
Euron Greyjoy,Euron
Eyrie 's High
Eyrie –,Eyrie
Faceless Man
Faceless Men
Faith Militant,Faith
Famished
Farther
Father
Fennesz
Fennez
Fine
Fingers
First Builder,Builder,First Builder Othell Yarwyck
First Men,First
First Ranger,Ran
First Sword Braavos
Fist
Five Kings
Flea Bottom
Forlorn
Four Kings
Free Cities,Cities
Free City Braavos
Free City Pentos
Free City Qohor
Free City Volantis
Free Folk,Folk
Freys
Frostfangs
Furious
Garden Bones,Bones
Gared
Gendry
Genna
Gerold Hightower,High,Gerold
Ghezn
Ghost
Gift
Gilly
Gilly​
Glover
Glovers
Gods ' Laws
Gods Eye
Godswood
Gold Cloaks
Gold Dragons
Good Masters
Graces
Grand Kaeth
Grand Munkun
Grand Pycelle,Pycelle,Grand Pycelle about Jon Arryn
Great Hall
Great Houses
Great Khal
Great Masters,Great,Meereenese Great Masters,Masters
Great Pit,Great Pit Daznak
Great Pyramid,Great Pyramid in Meereen
Great Ranging
Great Sept,Great Sept Baelor
Greatjon Umber,Greatjon
Green Fork
Greensight
Gregor Clegane,Gregor
Gregor kills Hugh
Gregor's
Grenn
Grey Wind
Grey Worm
Greyguard
Greyjoy Rebellion
Greyjoys
Greyscale
Guild
Hall Faces
Hands
Harald Karstark,Karstark
Hardhome
Hardhome with Tormund
Harpy
Harpy 's Son
Haunted Forest,Forest
Heart
Hearth
Heward
High Hall
High Priestess,Priestess
High Septon,Septon
High Sparrow,Sparrow
High Valyrian
Highgarden
Hizdahr
Hizdahr zo Loraq
Hobb
Hodor —,Hodor,
Hollow Hill,Brotherhood Without Banners in Hollow Hill,Hill
Horn Hill
Horrified
Hoster Tully,Hoster
Hot Pie
Hound
House Arryn
House Baelish,Baelish
House Baratheon,House Baratheon Dragonstone
House Black
House Bolton,North against House Bolton,House,Bolton
House Clegane
House Florent
House Frey,Frey
House Greyjoy,Greyjoy
House Karstark
House Lannister
House Martell,House Martell Dorne,Myrcella into House Martell,Dorne with House Martell,Martell
House Mormont,Mormont
House Reed,Reed
House Reyne Castamere
House Stark,House Stark from Winterfell
House Targaryen
House Tarth
House Tully
House Tyrell
House Umber,Umber
Houses Jon
Houses Lannister
Houses Reyne,Houses
Houses Targaryen
Howland Reed,Howland
Hugh
Ice Cells,Ice
Iggo
Iggo while Akho
Illyrio Mopatis,Magister Illyrio Mopatis Pentos,Illyrio
Ilyn Payne,Ilyn
Imp
Inside Bran
Iron Bank,Bank,Iron Bank Braavos
Iron Bank Braavos
Iron Fleet,Iron
Iron Islands,Iron Islands during Euron
Iron Throne
Ironborn
Irri
Jafer Flowers,Flowers
Jaime 's Dornish
Jaime Lannister,Jaime
Jaime discuss Tyrion
Jaime that Tyrion
Jamie
Janos Slynt,Janos,Slynt
Jaqen H'ghar,Jaqen
Jaqen H’ghar
Jeor Mormont,Wall with Jeor Mormont,Jeor
Jhiqui
Joanna
Joffrey Baratheon,,Joffrey,Baratheon
Joffrey that Sansa
Jojen Reed,Jojen
Jon Arryn
Jon Sn,Boltons against Jon Snow,Jon
Jon Snow
Jon Stark
Jon Umber
Jon about Bran
Jon that Stannis
Jon that Ygritte
Jon.​
Jon’s
Jorah Mormont,Jorah Mormont about Daenerys,Jorah
Jory Cassel,Jory
Joyeuse
Karhold
Karl Tanner,Karl
Karlon Stark
Karsi
Karstarks
Kayla
Kevan Lannister,Kevan
Khal Drogo,Drogo,Khal
Khal Drogoʼs
Khal Moro,Dosh Khaleen by Khal Moro,Moro
Khalar
Khalasar
Khaleesi
Khals
King's Landing
King-Beyond-the-Wall
King-Beyond-the-Wall 's Camp
Kingslayer
Kingsmoot
Kingsroad
Kingsroad with Yoren
Kingswood
King’s Landing
Kinslaying
Kinvara
Knot
Kovarro
Kraznys
Kraznys mo Nakloz
Lady
Lame Lothar,Lothar
Lancel Lannister
Lands Always Winter
Lanna
Lannister Camp
Lannister Monster
Lannister-Tyrell
Lannister/Tyrell
Lannisters
Leaf
Lhara
Lhazar
Lhazareen
Liberation
Light
Littefinger
Little Sam
Littlefinger
Loboda
Locke
Lollys Stokeworth,Lollys
Lommy Greenhands,Lommy
Long Bridge,Long Bridge Volantis
Long Farewell
Long Night
Longclaw
Longclaw with Sam
Loraq
Loras Tyrell
Loras Tyrell’s,Tyrell,Loras
Loras’s
Lorch
Lordsport
Lorren
Lothar Frey
Low Valyrian
Luwin
Lyanna Mormont
Lyanna Stark
Lysa Arryn
Lysa Tully,Lysa,Lys,Tully
Lysene
M'Lord
Mace Tyrell,Mace,Master Coin Mace Tyrell,Mace Tyrell  with Olenna Tyrell
Mad King,Mad
Mad King's
Maegor 's Holdfast
Mag
Mag Mar Tun Doh Weg
Maggy
Magister Illyrio Mopatis
Mago
Maiden Fair
Malko
Mance Rayder,King-Beyond-the-Wall Mance Rayder,Castle Black from Mance Rayder
Mance Rayder's,Rayder,Mance
Mance if Mormont
Mance's
Mandon Moore,Mandon
Many-Faced God
Many-Faced God’s
Marei
Margaery Tyrell,Margaery
Margaery’s
Marillion
Martells
Martyn Lannister,Martyn
Master Coin
Master Laws
Master Mighdal
Master Mighdal's,Mighdal
Master Ships
Master War
Master Whisperers
Matthos Seaworth,Matthos
Mazins
Meera Reed,Meera Reed before Bran Stark,Meera
Meereen –,Meereen
Meereenese
Melara Hetherspoon,Melara
Melisandre
Melisandre 's God
Melisandre as Stannis
Mero
Meryn Trant,Trant,Meryn,Meryn Trant Meryn Trant
Mhaegen
Mighty
Mikken
Milk
Mirri Maz Duur
Missandei Daenerys,Daenerys
Missandei Naath,Naath,Missandei
Moat Cailin
Mole 's Town
Moon Door
Mormonts
Morning
Mossador
Mother Dragons,Dragons,Mother
Mountain
Mud Gate
Mummer 's Ford
Mycah
Myranda
Myranda’s
Myrcella Baratheon,Myrcella
Myrcella from Dorne
Myrnada
M​ole 's Town
NORTH
Nakloz
Narrow Sea
Neck
Ned Stark,Ned
Nedʼs
Needle
Needle from Polliver
New
Night 's Watch
Night 's Watchman
Night King,Night
Night Lands
Nightfort
Nights Watch,Watch
Night’s Watch
North Edit,North
North at Harrenhal
North from Winterfell
Northeners
Northern Lords,Lord,Northern,Lords
Northerners
Northmen
Norvosi
Nymeria Sand,Nymeria,Nym
Oathkeeper
Obara Sand,Obara
Oberyn Martell,Cersei that Oberyn Martell,Oberyn
Oh
Old Bear,Bear
Old Ghiscari,Ghiscari,Old,Ghis
Old Gods,Gods
Old Nan
Old Tongue
Old Valyria
Oldtown
Olenna Tyrell,Olenna
Olly
Olly that Jon
Olyvar Frey,Olyvar
One
Onion Knight
Order Maesters,Maester
Orell
Ornela
Orson Lannister,Orson
Osha –,Osha
Othell Yarwyck,Yarwyck
Othor
Outside
Painted Table
Paramount
Pentos
Pentoshi
Petyr Baelish,Petyr
Piggy
Pit Fighter,Pit
Pits
Planky Town
Podrick Payne,Pod,Podrick,Podrick Payne Stannis
Podrick meet Sansa
Polliver
Poppy
Prendahl
Prince
Prologue
Protector
Pyat Pree,Pree,Pyat
Pyp
Pypar
Pypar's
Pyp​
Qaggaz
Qhorin Halfhand,Qhorin per Qhorin,Qhorin,Halfhand
Qotho
Quaithe Asshai,Quaithe
Queensgard
Queensguard
Quickly Tyrion,Tyrion
Qyburn
Qyburn Grand Maester
R'hllor
Rains Castamere
Rakharo
Ralf Kenning
Ramsay Bolton,Theon from Ramsay Bolton,Ramsay
Ramsay Snow,Snow
Ramsay’s
Randyll Tarly,Randyll
Rast
Rat Cook
Razdal
Reach
Realm
Red Comet
Red Fork
Red Keep,Red Keep into Crown,Keep
Red Priest,Red Priestess Melisandre,Priest,High Red Priestess
Red Priestess
Red Temple Volantis
Red Waste
Red Wedding
Reeds
Reek
Reek’s
Regent
Renly Baratheon,Renly
Rennick
Rhaegal
Rhaegar Targaryen,Crown Rhaegar Targaryen,Rhaegar
Rhaego
Rhaenyra Targaryen,Rhaenyra
Rhaenys
Rickard Karstark
Rickard Karstark's
Rickard Stark,Rickard
Rickon Stark,Rickon
Rides
River Trident,Trident,Fork Trident River
Riverlands
Riverlands by Stark
Riverlords
Rivermen
Riverrun
Robb Stark,North Robb Stark in Riverrun
Robert 's Rebellion
Robert Baratheon,Robert Baratheon 's Kingsguard,Daenerys that Robert Baratheon,Daenerys from Robert Baratheon
Robert greet,Robert
Robert jokingly,kin
Robert's
Robin Arryn,Robin
Rodrik Cassel,Rodrik
Roose Bolton,North from Roose Bolton,Dreadfort through Roose Bolton,Roose
Rorge
Roslin Frey,Ros,Roslin
Royal Fleet,Royal
Royce at Runestone
Runestone
Sack Astapor,Astapor,Sack
Sack Winterfell
Salladhor Saan,Salladhor
Salt Throne
Sam's
Samwell Tarly,Samwell,Tarly,Sam
Sam’s
Sand Snakes,Sand Snakes before Doran
Sandor Clegane,Clegane,Sandor
Sands
Sansa Robb,Robb,Sansa
Sansa Stark,Sansa Stark with Petyr Baelish
Sansa about Petyr
Sansa from Baelish
Sansa in Lannister
Sansa that Baelish
Sansa that Brienne
Sansa that Gregor
Sansa that Ramsay
Sansa –,, although Sansa
Sansaʼs
Sansa’s
Sapphire Isle
Satisfied
Savior
Savo
Second Sons,Sons,Son
Selwyn Tarth,Selwyn
Selyse Baratheon,Selyse
Selyse that Shireen
Septa Mordane,Mord
Septa Unella,Sept,Unella
Septas
Seven Kingdoms,Kingdom,Seven,Kingdoms
Shadow Lands beyond Asshai
Shadow Tower,Tower,Shadow
Shadow-creature
Shae
Shagga
Shaggydog
Shireen 's Greyscale
Shireen Baratheon,Shireen House Baratheon,Shireen
Shireen's
Sick
Siege Old Wyk
Siege Pyke,Pyke
Sight
Silent Sisters,Sisters,Sister
Sissy
Skirling Pass
Slaver 's Bay
Slavers Bay,Slaver
Small Council
Smalljon Umber,Smalljon
Smoking Sea
South
Sow
Sparrows
Spice King
Stallion
Stannis Baratheon,Stannis
Stannis as Robert
Stannis through Shireen
Stannis’s
Stark Valyrian,Valyrian,Valyria
Stark Winterfell,Stark at Winterfell
Starks
Steelshanks
Stiv
Stone Men,Men
Stone Mill,Battle Stone Mill
Stony Shore
Stormcrows
Stormlands
Stranger
Strong
Styr
Styr's
Summer Isles,Summer
Sunspear
Sweetrobin Arryn,Arryn,Arry
Sword
Sworn Brothers
Syrio Forel,Syrio
Talisa Maegyr
Talisa Volantis,Volantis,Talisa
Tall
Targaryen Conquest
Targaryen Kingsguard,Kingsguard
Targaryens
Tears Lys
Temple
Ternesio Terys
Terrified
That Was,Was
Thenn
Thenns
Theon Greyjoy,Greyjoy,Theon
Theon's
Thin Man,Thin
Thirteen
Thoros Myr,Myr,Thoros
Thoughtful
Three-Eyed Raven,Raven
Three-eyed Raven,Three-eyed
Throne Room,Throne
Tickler
Tickler–sadistically
Tired
Titan 's Bastard
Titan Braavos,Braavos
Tobho Mott,Mott
Tommen Baratheon,Tommen
Tommen against Margaery
Tormund Giantsbane,Tormund
Tormund's
Torrhen 's Square
Torrhen Karstark,Torrhen
Tourney
Tower Joy
Townshall
Trident River
Trystane Martell,Trystane,Trystane Martell Jaime
Tullys
Twins
Tycho Nestoris,Tycho
Tyene Sand,Tyene
Tyrells
Tyrells that Joffrey
Tyrion Lannister,Lannister,Tyrion
Tyrion in Slaver
Tyrion that Cersei
Tyrion that Rhaegal
Tyrion until Jaime
Tysha
Tywin Lannister,Tywin,Riverlands under Tywin Lannister
Tywin Lannister's
Umbers
Unafraid
Unburnt
Uncle Benjen
Undeterred
Undying
Unsullied
Unsullied outside Meereen
Vaes Dothrak
Valahd
Valar Morghulis,Vala
Vale Arryn,Vale
Vance Corbray,Corbray
Vardis Egen,Vardis
Varys
Vhagar
Viper
Viserion
Viserys Targaryen,Viserys
Viserys as King
Volantene
Waif
Waif In Braavos
Waif’s
Walda Bolton,Walda
Walder Frey,Lords Walder Frey,Walder
Walder's
Walk Punishment
Wall
Wall until Mance
Wall’s
Warden
Warlocks Qarth,War,Qarth
Water Dancer,Dance,Braavosi Water Dancer
Water Dancing
Water Gardens,Water Gardens Dorne,Gardens
Waymar Royce,Waymar
Weirwood
Westerlands
Westeros under Lannister
Westeros with Drogoʼs
Westerosi
Westoros
Whent Harrenhal,Harrenhal
Whispering Wood
White Harbor
White Rat,White
White Sword Tower
White Walker
White Walkers,Walker,Walkers
Widow 's Wail
Wight
Wights
Wildfire
Wildling
Wildlings
Willas Bracken,Will
Willem Lannister,Willem
Winterfell for King
Wisdom Hallyne,Hallyne,Hall
Wise Masters,Wise,Wise Masters Yunkai
Wolf Bread
Wolfswood
Wolkan
Woods
World
Wun Wun
X-shaped
Xaro
Xhoan Daxos,Xaro Xhoan Daxos
Yara Greyjoy,Yara
Yezzan
Yezzan zo Qaggaz
Ygritte
Ygritte's
Yohn Royce,Yohn,Royce
Yoren
Yunkai
Yunkai'i Wise Master Razdal
Zalla
in Tywin
mock Renly
s Chosen
s Guard
s Hand
s Landing
scythe
